date,content,amount,type
17/03/2021 09:01:51,Name 2,-500,Deposit
11/11/2020 10:28:24,Name 3,100,Withdraw
28/05/2021 11:00:16,Name 4,150,Deposit
10/05/2020 02:44:47,Name 5,50,Deposit
06/08/2021 22:56:27,Name 6,-500,Deposit
17/03/2021 15:22:06,Name 7,50,Deposit
10/08/2020 14:27:18,Name 8,-50,Deposit
22/03/2021 07:39:51,Name 9,-50,Withdraw
21/10/2020 17:54:41,Name 10,-500,Deposit
17/11/2020 22:52:14,Name 11,50,Deposit
14/01/2021 21:26:08,Name 12,200,Deposit
13/10/2020 18:28:11,Name 13,-150,Withdraw
26/03/2021 21:04:52,Name 14,-200,Withdraw
11/08/2020 22:42:46,Name 15,-300,Deposit
12/10/2020 22:58:40,Name 16,150,Withdraw
23/03/2021 16:01:29,Name 17,100,Deposit
30/12/2020 11:49:58,Name 18,500,Deposit
10/04/2020 18:03:53,Name 19,100,Deposit
17/05/2021 13:16:10,Name 20,-100,Deposit
11/07/2020 22:27:15,Name 21,150,Deposit
15/05/2021 08:51:41,Name 22,-150,Deposit
10/08/2020 17:38:08,Name 23,50,Deposit
26/05/2021 19:39:45,Name 24,-150,Deposit
16/03/2021 18:06:18,Name 25,300,Withdraw
19/04/2021 00:30:18,Name 26,50,Deposit
31/10/2020 01:00:51,Name 27,150,Withdraw
26/11/2020 04:08:33,Name 28,50,Deposit
15/06/2021 04:58:58,Name 29,200,Withdraw
22/04/2021 04:12:31,Name 30,-500,Withdraw
13/01/2021 04:02:21,Name 31,-500,Withdraw
26/03/2021 01:51:57,Name 32,50,Withdraw
15/03/2021 20:37:31,Name 33,-200,Deposit
21/10/2020 06:14:37,Name 34,-50,Deposit
23/04/2021 01:33:49,Name 35,500,Deposit
04/04/2021 11:27:18,Name 36,150,Deposit
16/05/2021 13:19:11,Name 37,300,Withdraw
28/01/2021 06:04:14,Name 38,150,Withdraw
30/11/2020 12:18:52,Name 39,500,Withdraw
23/02/2021 05:29:58,Name 40,200,Withdraw
21/02/2021 15:09:56,Name 41,-300,Withdraw
11/04/2020 22:44:25,Name 42,-500,Withdraw
12/06/2020 08:55:35,Name 43,300,Withdraw
12/02/2020 21:45:28,Name 44,-150,Withdraw
31/05/2021 06:37:08,Name 45,100,Withdraw
29/05/2021 06:24:06,Name 46,50,Deposit
24/05/2021 17:23:15,Name 47,-150,Deposit
01/01/2021 13:12:31,Name 48,500,Deposit
01/01/2021 18:31:39,Name 49,-150,Deposit
12/02/2020 19:32:29,Name 50,100,Deposit
19/01/2021 05:09:29,Name 51,300,Withdraw
12/09/2020 17:02:16,Name 52,-200,Deposit
27/03/2021 20:18:47,Name 53,50,Deposit
11/04/2020 21:43:05,Name 54,-50,Deposit
13/06/2021 00:25:55,Name 55,100,Deposit
05/11/2021 04:30:46,Name 56,-100,Deposit
21/05/2021 23:22:58,Name 57,150,Deposit
12/04/2020 09:10:55,Name 58,-500,Withdraw
17/04/2021 14:31:19,Name 59,50,Deposit
06/09/2021 06:03:15,Name 60,-50,Deposit
28/02/2021 02:09:43,Name 61,-500,Withdraw
15/01/2021 20:49:23,Name 62,200,Withdraw
10/11/2020 02:47:47,Name 63,-300,Withdraw
14/06/2021 23:30:41,Name 64,-100,Withdraw
05/02/2021 19:25:48,Name 65,300,Withdraw
16/05/2021 09:23:47,Name 66,-200,Withdraw
02/05/2021 10:34:45,Name 67,300,Deposit
15/02/2021 20:38:27,Name 68,500,Deposit
23/10/2020 09:38:23,Name 69,500,Deposit
26/03/2021 08:36:18,Name 70,-50,Deposit
16/04/2021 14:08:19,Name 71,200,Withdraw
30/03/2021 21:58:23,Name 72,100,Deposit
02/08/2021 07:49:26,Name 73,-100,Deposit
23/02/2021 14:45:43,Name 74,-500,Deposit
20/03/2021 11:34:09,Name 75,-50,Withdraw
26/10/2020 19:47:42,Name 76,300,Withdraw
31/10/2020 03:48:46,Name 77,-200,Withdraw
16/12/2020 18:37:13,Name 78,500,Withdraw
12/12/2020 06:59:47,Name 79,100,Deposit
05/12/2021 05:43:01,Name 80,150,Deposit
01/10/2021 21:02:54,Name 81,500,Withdraw
30/03/2021 18:46:12,Name 82,-300,Deposit
15/11/2020 07:33:44,Name 83,50,Deposit
10/08/2020 18:52:06,Name 84,-150,Deposit
13/12/2020 10:06:54,Name 85,-200,Deposit
11/03/2020 08:15:56,Name 86,-200,Withdraw
20/04/2021 08:14:33,Name 87,150,Withdraw
05/11/2021 11:22:42,Name 88,50,Deposit
23/03/2021 15:06:24,Name 89,300,Deposit
21/05/2021 16:17:27,Name 90,-100,Deposit
25/11/2020 18:51:26,Name 91,-50,Deposit
15/12/2020 18:03:52,Name 92,-150,Deposit
14/03/2021 19:30:51,Name 93,-500,Deposit
10/06/2020 11:19:51,Name 94,-100,Deposit
27/02/2021 17:40:24,Name 95,50,Withdraw
12/06/2020 17:54:57,Name 96,100,Deposit
28/05/2021 14:22:12,Name 97,100,Withdraw
24/05/2021 00:49:33,Name 98,-500,Deposit
20/12/2020 23:49:15,Name 99,150,Withdraw
05/01/2021 21:06:57,Name 100,-50,Withdraw
02/08/2021 19:08:18,Name 101,-150,Withdraw
28/05/2021 06:42:41,Name 102,-500,Withdraw
27/11/2020 11:47:46,Name 103,50,Deposit
17/04/2021 22:34:33,Name 104,-500,Deposit
24/10/2020 11:32:57,Name 105,-150,Deposit
10/04/2020 23:36:41,Name 106,-200,Withdraw
01/08/2021 03:38:12,Name 107,50,Deposit
17/10/2020 20:29:16,Name 108,200,Withdraw
16/05/2021 07:06:29,Name 109,-300,Withdraw
15/03/2021 01:53:42,Name 110,500,Deposit
30/04/2021 13:47:32,Name 111,100,Withdraw
06/09/2021 05:50:24,Name 112,-300,Withdraw
20/12/2020 03:12:57,Name 113,-100,Withdraw
02/05/2021 13:24:44,Name 114,200,Deposit
22/05/2021 00:02:27,Name 115,500,Deposit
26/10/2020 23:28:21,Name 116,-500,Deposit
11/03/2020 08:22:20,Name 117,100,Deposit
21/03/2021 01:44:53,Name 118,150,Deposit
20/03/2021 04:37:41,Name 119,-150,Withdraw
16/11/2020 22:45:19,Name 120,-500,Withdraw
04/07/2021 23:55:59,Name 121,50,Deposit
03/11/2021 17:58:33,Name 122,300,Withdraw
28/02/2021 02:57:41,Name 123,-300,Deposit
05/03/2021 09:58:30,Name 124,-100,Withdraw
02/08/2021 22:05:13,Name 125,200,Withdraw
23/03/2021 12:36:05,Name 126,-100,Deposit
12/04/2020 17:18:14,Name 127,-300,Deposit
03/12/2021 21:14:37,Name 128,-500,Withdraw
26/01/2021 19:11:32,Name 129,-500,Withdraw
10/02/2020 13:52:01,Name 130,-300,Deposit
20/12/2020 02:13:02,Name 131,-300,Deposit
27/01/2021 04:48:08,Name 132,-500,Withdraw
01/10/2021 19:26:23,Name 133,100,Withdraw
18/03/2021 01:03:10,Name 134,50,Withdraw
27/04/2021 10:08:49,Name 135,50,Deposit
01/04/2021 15:51:27,Name 136,-100,Deposit
27/10/2020 12:18:13,Name 137,300,Deposit
25/01/2021 07:52:31,Name 138,-200,Withdraw
01/06/2021 02:27:18,Name 139,50,Withdraw
16/11/2020 11:08:19,Name 140,100,Deposit
03/12/2021 21:11:59,Name 141,500,Withdraw
24/10/2020 13:22:17,Name 142,-50,Deposit
04/03/2021 08:11:04,Name 143,-300,Withdraw
27/10/2020 06:33:45,Name 144,50,Withdraw
22/01/2021 01:42:03,Name 145,-50,Withdraw
15/04/2021 18:59:00,Name 146,50,Withdraw
22/03/2021 01:38:20,Name 147,-50,Deposit
06/12/2021 23:30:19,Name 148,300,Withdraw
02/03/2021 08:34:23,Name 149,-50,Deposit
17/10/2020 14:15:35,Name 150,300,Deposit
01/11/2021 02:17:04,Name 151,-150,Deposit
05/04/2021 11:56:30,Name 152,200,Withdraw
03/07/2021 08:33:30,Name 153,50,Deposit
31/01/2021 14:58:06,Name 154,100,Withdraw
12/10/2020 20:21:45,Name 155,-200,Withdraw
15/04/2021 04:40:29,Name 156,100,Withdraw
19/10/2020 17:08:31,Name 157,-50,Deposit
17/05/2021 19:22:28,Name 158,200,Deposit
11/03/2020 14:44:23,Name 159,50,Withdraw
24/04/2021 10:11:21,Name 160,-300,Deposit
04/02/2021 10:36:30,Name 161,-500,Deposit
21/01/2021 20:10:24,Name 162,-300,Deposit
23/02/2021 09:17:02,Name 163,300,Deposit
14/11/2020 15:44:05,Name 164,50,Withdraw
03/06/2021 19:44:21,Name 165,-500,Deposit
23/05/2021 12:37:09,Name 166,300,Withdraw
06/07/2021 22:12:46,Name 167,100,Withdraw
15/03/2021 19:18:04,Name 168,150,Deposit
05/05/2021 12:24:49,Name 169,-500,Withdraw
14/03/2021 02:22:35,Name 170,500,Deposit
12/06/2020 00:33:37,Name 171,150,Withdraw
17/03/2021 07:42:29,Name 172,-500,Withdraw
13/04/2021 20:31:32,Name 173,-50,Withdraw
01/03/2021 21:37:32,Name 174,-50,Withdraw
31/10/2020 14:56:23,Name 175,100,Deposit
12/02/2020 09:59:43,Name 176,-100,Deposit
21/04/2021 13:33:01,Name 177,-300,Withdraw
01/08/2021 23:37:54,Name 178,-200,Deposit
01/01/2021 03:53:49,Name 179,-150,Withdraw
04/12/2021 06:09:58,Name 180,200,Withdraw
12/03/2020 00:43:58,Name 181,300,Deposit
02/02/2021 09:58:38,Name 182,300,Withdraw
15/03/2021 12:45:11,Name 183,200,Deposit
11/09/2020 17:31:44,Name 184,-500,Deposit
28/05/2021 04:19:35,Name 185,100,Withdraw
04/01/2021 17:04:27,Name 186,50,Deposit
23/05/2021 21:37:17,Name 187,-100,Withdraw
18/10/2020 11:09:00,Name 188,-200,Deposit
18/10/2020 07:53:50,Name 189,-200,Withdraw
06/12/2021 09:23:52,Name 190,-100,Withdraw
06/04/2021 15:16:55,Name 191,-300,Deposit
02/12/2021 15:26:25,Name 192,50,Withdraw
17/11/2020 18:59:47,Name 193,-300,Deposit
14/11/2020 18:07:05,Name 194,300,Withdraw
12/04/2020 21:59:46,Name 195,-200,Withdraw
02/09/2021 17:39:26,Name 196,-100,Deposit
21/02/2021 21:36:19,Name 197,150,Withdraw
22/05/2021 21:41:46,Name 198,-100,Withdraw
24/12/2020 06:02:26,Name 199,100,Deposit
06/12/2021 03:02:17,Name 200,50,Withdraw
02/09/2021 14:29:27,Name 201,-100,Withdraw
10/03/2020 13:03:20,Name 202,-500,Deposit
11/07/2020 14:04:45,Name 203,-300,Deposit
06/06/2021 00:34:12,Name 204,-50,Deposit
03/10/2021 17:42:19,Name 205,200,Withdraw
20/11/2020 06:02:11,Name 206,-500,Withdraw
12/03/2020 06:07:28,Name 207,200,Withdraw
12/07/2020 09:32:52,Name 208,150,Deposit
15/03/2021 08:48:55,Name 209,-50,Deposit
23/01/2021 04:05:58,Name 210,150,Deposit
25/05/2021 10:41:38,Name 211,100,Withdraw
02/01/2021 16:13:40,Name 212,-300,Deposit
03/04/2021 12:55:15,Name 213,-300,Deposit
02/06/2021 22:11:40,Name 214,-200,Deposit
30/11/2020 02:47:43,Name 215,50,Deposit
10/07/2020 21:34:22,Name 216,200,Deposit
01/05/2021 14:19:01,Name 217,-500,Withdraw
06/07/2021 09:41:25,Name 218,50,Deposit
12/12/2020 09:02:54,Name 219,150,Withdraw
29/01/2021 09:53:11,Name 220,100,Deposit
28/10/2020 08:16:09,Name 221,50,Deposit
17/03/2021 11:57:14,Name 222,200,Withdraw
05/08/2021 06:48:43,Name 223,-200,Withdraw
30/12/2020 19:59:34,Name 224,50,Deposit
06/07/2021 09:41:01,Name 225,-150,Withdraw
03/03/2021 20:48:00,Name 226,200,Deposit
11/08/2020 17:23:45,Name 227,150,Withdraw
02/09/2021 06:27:39,Name 228,100,Withdraw
05/11/2021 02:50:54,Name 229,-50,Deposit
17/04/2021 12:25:58,Name 230,-500,Deposit
06/11/2021 13:14:13,Name 231,-50,Withdraw
28/10/2020 07:33:22,Name 232,-150,Deposit
02/01/2021 22:32:47,Name 233,200,Withdraw
02/01/2021 02:34:37,Name 234,-100,Withdraw
02/02/2021 02:15:05,Name 235,300,Deposit
03/03/2021 17:54:12,Name 236,-200,Deposit
12/02/2020 01:48:31,Name 237,100,Deposit
15/02/2021 18:16:25,Name 238,100,Deposit
16/02/2021 00:32:23,Name 239,300,Withdraw
12/02/2020 23:11:43,Name 240,50,Withdraw
11/08/2020 16:39:02,Name 241,-200,Deposit
01/05/2021 22:47:06,Name 242,-500,Deposit
16/01/2021 11:59:58,Name 243,-100,Withdraw
17/04/2021 05:32:30,Name 244,-200,Withdraw
21/05/2021 05:15:13,Name 245,500,Withdraw
01/03/2021 17:08:43,Name 246,-300,Deposit
01/08/2021 14:11:57,Name 247,500,Withdraw
04/01/2021 23:16:20,Name 248,-50,Deposit
19/11/2020 13:19:19,Name 249,50,Deposit
03/09/2021 03:37:07,Name 250,-300,Deposit
18/10/2020 03:31:32,Name 251,-200,Withdraw
24/04/2021 17:12:15,Name 252,200,Deposit
19/10/2020 23:55:52,Name 253,300,Deposit
11/04/2020 20:28:43,Name 254,50,Deposit
22/03/2021 12:49:41,Name 255,50,Deposit
22/05/2021 03:13:32,Name 256,500,Deposit
29/10/2020 09:22:58,Name 257,100,Withdraw
10/07/2020 11:14:27,Name 258,100,Deposit
25/04/2021 20:55:42,Name 259,-50,Deposit
15/05/2021 13:27:59,Name 260,200,Deposit
18/02/2021 04:16:26,Name 261,100,Deposit
04/07/2021 08:33:45,Name 262,50,Withdraw
25/01/2021 22:49:52,Name 263,50,Withdraw
06/08/2021 19:26:15,Name 264,50,Deposit
29/04/2021 11:07:40,Name 265,300,Deposit
20/05/2021 21:36:15,Name 266,-50,Withdraw
24/12/2020 10:19:39,Name 267,100,Deposit
29/10/2020 09:45:06,Name 268,300,Deposit
04/09/2021 20:52:10,Name 269,-300,Withdraw
05/10/2021 06:30:42,Name 270,50,Deposit
29/12/2020 09:52:08,Name 271,-500,Deposit
11/05/2020 07:26:07,Name 272,-300,Withdraw
22/11/2020 16:31:41,Name 273,500,Deposit
20/12/2020 20:15:59,Name 274,150,Withdraw
22/05/2021 20:24:40,Name 275,-200,Deposit
06/08/2021 03:43:43,Name 276,-100,Deposit
21/03/2021 07:00:07,Name 277,-500,Withdraw
06/02/2021 22:26:57,Name 278,-150,Deposit
17/01/2021 04:38:43,Name 279,-500,Withdraw
01/08/2021 10:59:48,Name 280,200,Withdraw
10/01/2020 21:13:15,Name 281,-500,Withdraw
13/12/2020 18:32:04,Name 282,50,Withdraw
01/12/2021 23:06:31,Name 283,200,Deposit
22/02/2021 14:14:53,Name 284,-200,Deposit
12/09/2020 12:22:15,Name 285,50,Deposit
20/03/2021 14:55:33,Name 286,100,Deposit
19/01/2021 17:26:58,Name 287,-150,Withdraw
14/04/2021 10:30:01,Name 288,150,Deposit
01/10/2021 05:17:14,Name 289,-150,Deposit
10/02/2020 09:41:25,Name 290,500,Withdraw
03/03/2021 00:01:31,Name 291,-100,Deposit
14/01/2021 06:17:13,Name 292,150,Withdraw
18/04/2021 07:58:16,Name 293,-300,Withdraw
05/02/2021 05:51:22,Name 294,-50,Deposit
01/04/2021 10:29:34,Name 295,-100,Withdraw
05/07/2021 00:15:06,Name 296,100,Deposit
21/01/2021 00:17:14,Name 297,-300,Deposit
21/05/2021 10:41:30,Name 298,-150,Deposit
12/05/2020 08:39:02,Name 299,500,Deposit
01/02/2021 18:04:38,Name 300,-50,Deposit
22/01/2021 06:43:44,Name 301,500,Withdraw
05/04/2021 01:33:24,Name 302,300,Deposit
01/03/2021 03:10:14,Name 303,500,Deposit
03/10/2021 07:29:13,Name 304,500,Deposit
19/12/2020 15:35:54,Name 305,150,Deposit
22/01/2021 11:31:45,Name 306,100,Withdraw
06/05/2021 04:43:27,Name 307,300,Withdraw
22/03/2021 15:24:14,Name 308,500,Withdraw
16/03/2021 15:34:48,Name 309,200,Withdraw
25/12/2020 09:00:27,Name 310,300,Withdraw
18/04/2021 16:57:44,Name 311,-150,Withdraw
02/11/2021 00:13:46,Name 312,150,Deposit
16/01/2021 11:53:07,Name 313,-500,Withdraw
20/10/2020 19:48:17,Name 314,-500,Deposit
02/04/2021 17:43:08,Name 315,200,Deposit
04/05/2021 17:26:29,Name 316,200,Withdraw
02/05/2021 06:52:54,Name 317,50,Withdraw
04/11/2021 11:05:02,Name 318,-500,Withdraw
18/04/2021 09:19:55,Name 319,200,Deposit
24/04/2021 15:54:48,Name 320,-150,Deposit
01/12/2021 02:29:15,Name 321,300,Deposit
04/07/2021 06:07:12,Name 322,-300,Deposit
10/11/2020 02:56:11,Name 323,150,Deposit
21/10/2020 04:23:31,Name 324,-500,Withdraw
23/10/2020 01:21:35,Name 325,-300,Withdraw
31/12/2020 18:53:47,Name 326,50,Withdraw
17/10/2020 18:03:18,Name 327,100,Withdraw
19/11/2020 20:19:51,Name 328,200,Deposit
26/11/2020 21:18:24,Name 329,-50,Withdraw
04/12/2021 01:38:47,Name 330,-200,Withdraw
15/10/2020 23:01:01,Name 331,-300,Withdraw
14/05/2021 15:07:03,Name 332,50,Withdraw
17/12/2020 23:10:48,Name 333,100,Deposit
16/02/2021 19:36:53,Name 334,300,Deposit
23/03/2021 11:08:35,Name 335,50,Withdraw
16/11/2020 12:33:48,Name 336,100,Deposit
19/05/2021 20:28:31,Name 337,500,Withdraw
17/10/2020 06:11:41,Name 338,200,Deposit
24/10/2020 19:03:35,Name 339,200,Deposit
27/12/2020 19:59:30,Name 340,-100,Deposit
29/01/2021 18:59:44,Name 341,500,Withdraw
22/11/2020 20:59:33,Name 342,-150,Withdraw
06/05/2021 12:13:13,Name 343,-300,Deposit
20/04/2021 01:45:24,Name 344,-50,Withdraw
27/03/2021 13:36:04,Name 345,-50,Deposit
26/01/2021 16:36:06,Name 346,50,Deposit
25/03/2021 15:27:32,Name 347,500,Deposit
12/06/2020 03:06:52,Name 348,200,Deposit
28/04/2021 06:58:43,Name 349,-500,Withdraw
15/11/2020 04:41:33,Name 350,300,Withdraw
24/01/2021 17:06:02,Name 351,-300,Deposit
20/03/2021 12:52:41,Name 352,300,Deposit
15/04/2021 10:46:51,Name 353,-100,Withdraw
17/11/2020 07:01:45,Name 354,-500,Withdraw
17/03/2021 20:08:07,Name 355,50,Withdraw
01/10/2021 20:56:34,Name 356,-50,Withdraw
18/12/2020 07:10:36,Name 357,150,Deposit
20/02/2021 15:07:43,Name 358,50,Deposit
14/11/2020 01:05:39,Name 359,-50,Deposit
11/01/2020 22:33:21,Name 360,-100,Deposit
05/03/2021 13:11:19,Name 361,-150,Deposit
04/02/2021 04:36:14,Name 362,-300,Deposit
06/03/2021 16:45:07,Name 363,150,Withdraw
27/05/2021 19:41:44,Name 364,-200,Withdraw
13/11/2020 04:20:43,Name 365,-150,Withdraw
01/06/2021 05:38:26,Name 366,500,Withdraw
03/06/2021 01:19:32,Name 367,300,Withdraw
24/05/2021 19:11:47,Name 368,-500,Withdraw
10/04/2020 02:10:08,Name 369,-300,Withdraw
17/12/2020 05:15:13,Name 370,500,Withdraw
03/03/2021 23:01:59,Name 371,-500,Withdraw
20/11/2020 10:57:08,Name 372,500,Deposit
12/08/2020 19:28:07,Name 373,-150,Deposit
27/11/2020 23:33:12,Name 374,150,Deposit
13/03/2021 17:47:35,Name 375,-50,Withdraw
20/05/2021 20:16:32,Name 376,50,Deposit
01/02/2021 03:30:16,Name 377,150,Deposit
02/07/2021 06:01:26,Name 378,150,Withdraw
11/11/2020 15:28:40,Name 379,150,Withdraw
17/10/2020 16:49:13,Name 380,100,Withdraw
10/07/2020 08:23:11,Name 381,100,Deposit
15/10/2020 17:16:22,Name 382,150,Withdraw
06/06/2021 21:39:01,Name 383,-200,Withdraw
17/04/2021 04:39:27,Name 384,50,Withdraw
04/03/2021 20:24:52,Name 385,-100,Withdraw
23/01/2021 07:36:11,Name 386,-200,Withdraw
11/02/2020 07:07:39,Name 387,-50,Withdraw
13/12/2020 21:04:41,Name 388,-150,Withdraw
06/11/2021 21:05:28,Name 389,150,Deposit
11/07/2020 06:41:15,Name 390,300,Deposit
01/11/2021 08:16:43,Name 391,50,Withdraw
16/03/2021 09:02:14,Name 392,200,Withdraw
21/12/2020 20:16:30,Name 393,500,Deposit
05/01/2021 00:05:24,Name 394,-300,Withdraw
26/10/2020 23:59:34,Name 395,100,Deposit
12/06/2020 07:03:49,Name 396,-150,Withdraw
21/02/2021 12:13:56,Name 397,-100,Withdraw
26/01/2021 00:23:44,Name 398,300,Deposit
05/05/2021 01:36:43,Name 399,-100,Withdraw
26/12/2020 00:12:30,Name 400,500,Deposit
20/11/2020 08:25:46,Name 401,50,Deposit
22/10/2020 08:37:52,Name 402,150,Withdraw
10/02/2020 21:24:25,Name 403,-200,Withdraw
30/05/2021 21:20:05,Name 404,-200,Withdraw
14/01/2021 16:50:10,Name 405,200,Withdraw
19/12/2020 09:57:00,Name 406,-200,Withdraw
06/12/2021 02:51:11,Name 407,50,Withdraw
16/12/2020 23:31:34,Name 408,150,Withdraw
11/12/2020 22:28:35,Name 409,150,Deposit
03/12/2021 12:42:00,Name 410,-50,Deposit
04/05/2021 07:05:42,Name 411,-150,Withdraw
05/09/2021 09:37:42,Name 412,100,Deposit
03/11/2021 10:02:45,Name 413,50,Withdraw
20/05/2021 06:02:39,Name 414,-50,Deposit
04/02/2021 12:42:25,Name 415,-50,Withdraw
02/06/2021 13:04:11,Name 416,150,Withdraw
04/12/2021 17:37:14,Name 417,-500,Deposit
30/11/2020 17:43:29,Name 418,-100,Deposit
12/11/2020 16:34:04,Name 419,100,Deposit
29/04/2021 14:50:07,Name 420,100,Withdraw
30/03/2021 13:32:21,Name 421,500,Deposit
14/04/2021 17:36:07,Name 422,150,Withdraw
14/03/2021 23:37:22,Name 423,200,Withdraw
01/07/2021 03:12:14,Name 424,50,Withdraw
29/04/2021 00:43:51,Name 425,-500,Withdraw
15/03/2021 11:48:26,Name 426,150,Withdraw
24/04/2021 02:21:13,Name 427,150,Deposit
06/03/2021 01:50:31,Name 428,-150,Deposit
26/05/2021 19:23:11,Name 429,-500,Withdraw
01/07/2021 18:59:12,Name 430,200,Deposit
17/04/2021 11:59:42,Name 431,200,Deposit
24/03/2021 14:24:26,Name 432,200,Withdraw
04/08/2021 09:14:32,Name 433,-200,Deposit
05/07/2021 21:00:55,Name 434,-500,Deposit
16/03/2021 09:45:16,Name 435,-300,Deposit
17/02/2021 21:16:28,Name 436,300,Deposit
04/11/2021 23:26:28,Name 437,150,Deposit
28/02/2021 22:54:59,Name 438,500,Deposit
06/07/2021 19:38:28,Name 439,-200,Withdraw
18/04/2021 15:15:11,Name 440,-150,Deposit
25/12/2020 20:48:16,Name 441,-50,Deposit
01/10/2021 10:39:02,Name 442,150,Withdraw
02/11/2021 23:19:44,Name 443,50,Deposit
05/07/2021 15:31:37,Name 444,200,Deposit
22/05/2021 08:48:53,Name 445,-500,Deposit
05/02/2021 08:24:44,Name 446,-300,Deposit
15/02/2021 22:52:42,Name 447,-50,Deposit
21/12/2020 11:11:52,Name 448,-200,Deposit
04/08/2021 22:46:44,Name 449,300,Withdraw
22/11/2020 14:57:26,Name 450,100,Withdraw
15/03/2021 00:49:28,Name 451,150,Deposit
25/11/2020 11:20:58,Name 452,300,Deposit
05/08/2021 08:28:47,Name 453,200,Withdraw
11/03/2020 20:06:19,Name 454,150,Withdraw
26/03/2021 20:17:12,Name 455,300,Withdraw
27/11/2020 22:22:13,Name 456,-200,Withdraw
05/08/2021 05:51:35,Name 457,100,Deposit
12/09/2020 03:43:31,Name 458,-300,Withdraw
18/11/2020 05:03:03,Name 459,-150,Withdraw
15/03/2021 11:40:53,Name 460,300,Withdraw
29/11/2020 13:29:29,Name 461,300,Withdraw
21/10/2020 22:24:27,Name 462,200,Deposit
06/12/2021 21:11:35,Name 463,-500,Withdraw
13/02/2021 04:44:16,Name 464,100,Withdraw
31/10/2020 20:14:11,Name 465,150,Deposit
15/03/2021 01:53:37,Name 466,200,Withdraw
01/11/2021 21:39:57,Name 467,200,Deposit
02/05/2021 10:20:50,Name 468,-150,Withdraw
16/10/2020 20:31:27,Name 469,200,Withdraw
19/11/2020 20:46:01,Name 470,-500,Deposit
28/11/2020 23:07:34,Name 471,-200,Deposit
22/03/2021 00:47:41,Name 472,100,Withdraw
03/05/2021 15:21:32,Name 473,-500,Deposit
15/10/2020 05:37:11,Name 474,150,Withdraw
02/10/2021 14:13:55,Name 475,100,Deposit
01/08/2021 08:40:48,Name 476,50,Deposit
13/01/2021 16:39:22,Name 477,-150,Deposit
27/10/2020 21:57:31,Name 478,-300,Deposit
23/12/2020 12:39:03,Name 479,200,Withdraw
16/12/2020 06:46:33,Name 480,-500,Deposit
27/10/2020 05:26:22,Name 481,50,Withdraw
11/03/2020 19:00:45,Name 482,-100,Withdraw
29/05/2021 15:02:19,Name 483,150,Withdraw
11/12/2020 18:29:40,Name 484,500,Deposit
01/01/2021 22:57:34,Name 485,-300,Withdraw
16/10/2020 08:23:58,Name 486,-150,Deposit
01/05/2021 22:47:11,Name 487,300,Withdraw
05/05/2021 22:00:26,Name 488,100,Deposit
23/05/2021 10:57:51,Name 489,50,Deposit
16/10/2020 08:07:14,Name 490,50,Deposit
02/08/2021 22:56:27,Name 491,-200,Withdraw
22/12/2020 04:51:31,Name 492,300,Withdraw
20/03/2021 01:59:44,Name 493,-100,Deposit
10/06/2020 22:29:11,Name 494,-200,Withdraw
29/11/2020 06:54:57,Name 495,100,Deposit
23/12/2020 02:24:38,Name 496,-50,Deposit
12/06/2020 07:21:42,Name 497,300,Withdraw
06/04/2021 08:57:50,Name 498,-200,Withdraw
24/11/2020 10:26:29,Name 499,500,Deposit
21/12/2020 05:34:45,Name 500,100,Withdraw
21/01/2021 04:54:40,Name 501,-100,Withdraw
04/04/2021 01:30:31,Name 502,-50,Deposit
06/02/2021 06:54:56,Name 503,50,Deposit
23/04/2021 18:37:12,Name 504,-150,Deposit
14/11/2020 10:46:30,Name 505,-150,Withdraw
18/04/2021 19:05:33,Name 506,200,Deposit
03/07/2021 01:48:49,Name 507,-500,Deposit
19/10/2020 10:02:23,Name 508,-500,Withdraw
25/10/2020 03:44:04,Name 509,50,Deposit
26/04/2021 21:44:36,Name 510,-100,Withdraw
13/10/2020 10:00:33,Name 511,-100,Withdraw
12/10/2020 20:13:19,Name 512,100,Withdraw
06/02/2021 17:29:09,Name 513,-200,Deposit
31/10/2020 03:27:14,Name 514,-300,Withdraw
02/05/2021 13:14:36,Name 515,-100,Withdraw
20/02/2021 10:08:08,Name 516,-100,Withdraw
12/04/2020 00:47:16,Name 517,200,Withdraw
25/12/2020 11:58:33,Name 518,300,Withdraw
28/05/2021 18:27:19,Name 519,500,Deposit
28/02/2021 20:52:35,Name 520,-100,Withdraw
22/12/2020 06:23:37,Name 521,-150,Deposit
29/01/2021 21:42:18,Name 522,-300,Withdraw
10/05/2020 17:56:12,Name 523,-50,Deposit
06/01/2021 18:21:40,Name 524,-300,Deposit
04/09/2021 21:41:45,Name 525,200,Deposit
23/03/2021 23:38:38,Name 526,100,Withdraw
24/10/2020 12:48:10,Name 527,-200,Deposit
14/06/2021 19:04:50,Name 528,500,Deposit
12/05/2020 18:59:22,Name 529,200,Deposit
17/03/2021 08:50:20,Name 530,500,Deposit
04/03/2021 16:04:11,Name 531,-200,Deposit
19/05/2021 21:57:29,Name 532,200,Withdraw
16/10/2020 20:24:09,Name 533,500,Withdraw
16/02/2021 03:35:13,Name 534,-50,Withdraw
23/11/2020 07:11:30,Name 535,-500,Withdraw
17/10/2020 17:28:07,Name 536,-150,Withdraw
05/09/2021 06:26:59,Name 537,50,Deposit
05/12/2021 20:33:42,Name 538,-50,Withdraw
20/01/2021 20:46:58,Name 539,-150,Withdraw
12/01/2020 14:27:19,Name 540,-200,Withdraw
28/05/2021 20:28:47,Name 541,-150,Deposit
06/07/2021 19:17:03,Name 542,-150,Deposit
18/04/2021 20:46:35,Name 543,-100,Withdraw
29/05/2021 04:19:52,Name 544,50,Withdraw
28/11/2020 20:02:00,Name 545,-50,Deposit
04/11/2021 04:39:09,Name 546,100,Deposit
22/01/2021 08:54:26,Name 547,-100,Deposit
19/11/2020 17:58:56,Name 548,300,Deposit
15/05/2021 05:28:21,Name 549,-500,Deposit
06/04/2021 16:36:54,Name 550,-100,Withdraw
11/08/2020 06:30:34,Name 551,150,Deposit
31/03/2021 05:29:33,Name 552,500,Withdraw
22/01/2021 15:15:12,Name 553,300,Deposit
13/05/2021 03:34:33,Name 554,100,Deposit
12/10/2020 02:00:03,Name 555,300,Withdraw
04/11/2021 10:43:29,Name 556,150,Withdraw
22/05/2021 15:19:00,Name 557,50,Deposit
10/09/2020 07:57:15,Name 558,-200,Deposit
17/12/2020 11:36:24,Name 559,500,Withdraw
25/12/2020 04:17:04,Name 560,500,Deposit
15/11/2020 01:18:15,Name 561,150,Deposit
05/07/2021 13:23:43,Name 562,300,Withdraw
03/12/2021 06:58:02,Name 563,-200,Deposit
02/04/2021 07:56:06,Name 564,-300,Withdraw
26/05/2021 17:14:44,Name 565,150,Withdraw
03/06/2021 14:26:17,Name 566,-100,Deposit
26/04/2021 13:53:02,Name 567,-50,Withdraw
22/02/2021 22:20:17,Name 568,-200,Deposit
19/11/2020 09:26:09,Name 569,-300,Deposit
06/05/2021 22:52:40,Name 570,-50,Deposit
14/11/2020 14:53:57,Name 571,-200,Withdraw
11/06/2020 16:40:30,Name 572,100,Withdraw
12/04/2020 22:32:37,Name 573,-500,Deposit
15/03/2021 20:39:28,Name 574,-100,Withdraw
13/04/2021 21:37:42,Name 575,-300,Deposit
04/09/2021 13:15:41,Name 576,100,Withdraw
04/02/2021 11:15:13,Name 577,50,Deposit
26/03/2021 11:50:01,Name 578,150,Deposit
22/04/2021 15:52:40,Name 579,50,Withdraw
20/12/2020 21:22:23,Name 580,100,Deposit
16/04/2021 22:19:58,Name 581,-50,Withdraw
25/05/2021 00:10:11,Name 582,200,Deposit
05/05/2021 22:46:16,Name 583,150,Withdraw
03/12/2021 00:02:52,Name 584,200,Withdraw
19/10/2020 15:28:23,Name 585,-150,Withdraw
18/04/2021 19:53:22,Name 586,150,Deposit
30/03/2021 02:43:08,Name 587,-100,Withdraw
12/05/2020 07:00:00,Name 588,-200,Withdraw
18/03/2021 14:13:29,Name 589,-100,Withdraw
10/06/2020 19:19:29,Name 590,-500,Deposit
02/10/2021 23:34:01,Name 591,50,Deposit
12/08/2020 08:11:51,Name 592,-150,Withdraw
12/04/2020 03:03:13,Name 593,-150,Deposit
23/02/2021 09:07:50,Name 594,-100,Withdraw
15/05/2021 16:32:26,Name 595,-300,Withdraw
16/02/2021 10:34:44,Name 596,200,Deposit
28/04/2021 01:16:19,Name 597,200,Deposit
10/12/2020 12:20:19,Name 598,-500,Deposit
21/10/2020 07:42:01,Name 599,500,Deposit
05/01/2021 07:15:16,Name 600,-200,Deposit
28/10/2020 10:00:15,Name 601,500,Deposit
23/11/2020 18:15:32,Name 602,-500,Withdraw
13/03/2021 01:30:25,Name 603,500,Withdraw
21/03/2021 13:42:07,Name 604,500,Deposit
06/02/2021 19:48:43,Name 605,50,Withdraw
19/01/2021 04:23:31,Name 606,150,Deposit
28/12/2020 00:51:52,Name 607,-50,Deposit
18/03/2021 00:35:20,Name 608,-300,Deposit
23/10/2020 03:48:24,Name 609,150,Withdraw
10/03/2020 06:35:01,Name 610,100,Deposit
11/02/2020 07:02:55,Name 611,200,Deposit
03/10/2021 12:47:42,Name 612,300,Withdraw
15/11/2020 18:16:54,Name 613,-300,Deposit
21/11/2020 07:40:44,Name 614,-500,Withdraw
30/04/2021 16:04:34,Name 615,-50,Deposit
10/12/2020 10:57:32,Name 616,150,Deposit
18/03/2021 12:27:39,Name 617,-150,Withdraw
11/07/2020 22:42:45,Name 618,500,Withdraw
05/06/2021 15:30:37,Name 619,-100,Withdraw
21/05/2021 02:56:49,Name 620,-50,Deposit
30/10/2020 05:34:17,Name 621,-200,Withdraw
21/10/2020 22:48:32,Name 622,-50,Withdraw
18/10/2020 16:55:14,Name 623,500,Withdraw
12/02/2020 04:27:13,Name 624,-150,Deposit
15/11/2020 09:52:44,Name 625,-150,Withdraw
18/03/2021 14:05:22,Name 626,150,Withdraw
24/10/2020 23:27:37,Name 627,-200,Deposit
21/02/2021 04:08:46,Name 628,-300,Deposit
04/05/2021 15:12:12,Name 629,-150,Deposit
11/08/2020 17:37:52,Name 630,300,Deposit
28/04/2021 16:55:59,Name 631,200,Withdraw
01/03/2021 22:27:14,Name 632,-100,Withdraw
11/03/2020 12:36:11,Name 633,50,Deposit
10/05/2020 10:17:28,Name 634,-500,Deposit
12/12/2020 19:12:58,Name 635,-500,Deposit
21/03/2021 20:46:07,Name 636,-100,Deposit
26/10/2020 23:12:50,Name 637,-150,Withdraw
05/08/2021 14:39:59,Name 638,100,Deposit
30/05/2021 20:41:21,Name 639,200,Withdraw
12/07/2020 12:30:36,Name 640,500,Withdraw
27/03/2021 18:54:38,Name 641,-300,Withdraw
04/09/2021 04:56:46,Name 642,-200,Withdraw
14/01/2021 09:53:53,Name 643,-100,Withdraw
12/01/2020 23:12:57,Name 644,300,Withdraw
11/11/2020 20:51:50,Name 645,300,Withdraw
14/02/2021 02:44:23,Name 646,-150,Deposit
06/02/2021 05:04:39,Name 647,-500,Deposit
26/01/2021 13:49:48,Name 648,300,Deposit
13/06/2021 17:01:26,Name 649,150,Withdraw
20/04/2021 17:22:44,Name 650,-500,Deposit
29/03/2021 15:12:37,Name 651,500,Deposit
12/01/2020 11:55:38,Name 652,100,Withdraw
19/12/2020 14:05:09,Name 653,-50,Withdraw
13/12/2020 11:45:21,Name 654,-500,Deposit
15/05/2021 04:14:04,Name 655,150,Withdraw
05/02/2021 13:10:32,Name 656,200,Withdraw
02/05/2021 07:39:55,Name 657,-100,Withdraw
13/02/2021 13:03:06,Name 658,300,Deposit
22/12/2020 20:30:20,Name 659,-500,Withdraw
26/01/2021 13:09:12,Name 660,150,Deposit
05/05/2021 00:29:17,Name 661,300,Deposit
27/11/2020 06:45:22,Name 662,200,Withdraw
02/10/2021 09:08:16,Name 663,300,Deposit
22/12/2020 21:26:14,Name 664,-300,Deposit
19/01/2021 23:38:35,Name 665,-100,Withdraw
30/10/2020 12:18:11,Name 666,-200,Deposit
10/09/2020 14:36:17,Name 667,500,Deposit
31/10/2020 02:54:53,Name 668,300,Withdraw
21/10/2020 02:01:39,Name 669,100,Withdraw
24/02/2021 18:32:46,Name 670,-50,Withdraw
12/04/2020 09:17:43,Name 671,-150,Deposit
12/03/2020 13:46:04,Name 672,100,Deposit
12/07/2020 14:56:10,Name 673,-300,Deposit
24/11/2020 10:23:57,Name 674,300,Deposit
28/03/2021 05:23:06,Name 675,-500,Deposit
14/04/2021 01:06:09,Name 676,-50,Deposit
03/02/2021 22:22:48,Name 677,-50,Withdraw
03/03/2021 09:44:04,Name 678,-100,Deposit
27/12/2020 22:45:01,Name 679,150,Deposit
29/04/2021 02:07:55,Name 680,-100,Deposit
10/10/2020 11:28:17,Name 681,50,Deposit
04/05/2021 10:04:00,Name 682,-100,Withdraw
27/10/2020 14:16:01,Name 683,-200,Withdraw
10/05/2020 22:52:25,Name 684,50,Withdraw
25/04/2021 22:31:29,Name 685,-50,Deposit
30/03/2021 05:52:50,Name 686,-500,Deposit
30/10/2020 14:03:13,Name 687,50,Withdraw
21/12/2020 01:40:07,Name 688,300,Deposit
18/05/2021 06:13:08,Name 689,50,Withdraw
20/11/2020 18:08:41,Name 690,-150,Deposit
11/05/2020 23:13:07,Name 691,300,Deposit
13/03/2021 05:37:09,Name 692,500,Withdraw
20/12/2020 12:16:44,Name 693,-150,Deposit
24/05/2021 21:26:56,Name 694,300,Withdraw
11/04/2020 07:32:31,Name 695,-100,Deposit
23/01/2021 17:44:05,Name 696,-100,Withdraw
25/04/2021 12:22:43,Name 697,50,Deposit
01/02/2021 07:46:21,Name 698,-300,Deposit
29/12/2020 16:35:07,Name 699,-100,Withdraw
24/12/2020 19:17:56,Name 700,200,Deposit
06/09/2021 02:39:41,Name 701,-100,Withdraw
31/03/2021 13:50:23,Name 702,100,Withdraw
11/04/2020 00:35:32,Name 703,50,Deposit
11/11/2020 07:32:37,Name 704,-150,Withdraw
12/12/2020 18:04:06,Name 705,50,Withdraw
21/04/2021 04:51:53,Name 706,-100,Deposit
28/03/2021 13:39:42,Name 707,-300,Deposit
23/03/2021 07:24:05,Name 708,200,Withdraw
26/12/2020 13:06:53,Name 709,-200,Deposit
16/02/2021 14:40:48,Name 710,50,Deposit
27/03/2021 17:23:15,Name 711,-150,Withdraw
04/12/2021 15:16:25,Name 712,-100,Withdraw
03/10/2021 10:44:10,Name 713,300,Withdraw
06/07/2021 07:31:22,Name 714,150,Deposit
29/01/2021 05:08:13,Name 715,300,Deposit
10/04/2020 16:09:42,Name 716,200,Withdraw
03/02/2021 05:28:26,Name 717,-150,Deposit
24/10/2020 06:56:22,Name 718,200,Withdraw
12/02/2020 12:36:19,Name 719,200,Deposit
11/02/2020 12:46:55,Name 720,300,Withdraw
10/06/2020 18:35:30,Name 721,-300,Withdraw
28/11/2020 20:55:52,Name 722,-150,Withdraw
22/02/2021 12:21:15,Name 723,500,Withdraw
30/10/2020 20:55:06,Name 724,-50,Deposit
24/03/2021 12:55:24,Name 725,-50,Deposit
20/12/2020 23:25:20,Name 726,50,Deposit
12/08/2020 13:54:58,Name 727,-200,Deposit
26/10/2020 02:49:48,Name 728,500,Deposit
26/02/2021 22:06:34,Name 729,-200,Withdraw
17/05/2021 21:52:55,Name 730,150,Deposit
21/10/2020 18:31:30,Name 731,-50,Deposit
27/03/2021 03:31:59,Name 732,-150,Deposit
29/11/2020 16:40:00,Name 733,-300,Deposit
05/02/2021 00:42:48,Name 734,100,Withdraw
18/01/2021 21:50:23,Name 735,300,Deposit
04/04/2021 22:52:29,Name 736,-100,Withdraw
14/03/2021 15:29:54,Name 737,-150,Withdraw
17/02/2021 21:52:21,Name 738,50,Deposit
22/11/2020 16:13:31,Name 739,-500,Deposit
23/12/2020 19:21:12,Name 740,-300,Deposit
14/10/2020 11:27:55,Name 741,500,Withdraw
30/01/2021 08:35:09,Name 742,150,Deposit
13/06/2021 02:09:41,Name 743,100,Withdraw
03/08/2021 00:31:01,Name 744,-100,Deposit
13/03/2021 00:52:58,Name 745,-500,Withdraw
17/11/2020 22:41:09,Name 746,100,Deposit
19/03/2021 04:08:14,Name 747,-300,Withdraw
29/04/2021 14:06:36,Name 748,300,Deposit
10/07/2020 03:17:25,Name 749,-500,Withdraw
22/05/2021 22:23:34,Name 750,50,Deposit
14/03/2021 02:47:01,Name 751,-100,Deposit
22/05/2021 18:00:29,Name 752,-100,Withdraw
26/04/2021 13:06:33,Name 753,100,Deposit
15/01/2021 21:36:54,Name 754,-50,Deposit
24/04/2021 20:16:20,Name 755,500,Deposit
21/10/2020 13:49:31,Name 756,200,Deposit
01/11/2021 04:54:04,Name 757,-300,Withdraw
20/04/2021 14:28:25,Name 758,-150,Deposit
06/11/2021 14:12:33,Name 759,150,Withdraw
30/04/2021 14:06:09,Name 760,300,Withdraw
15/01/2021 08:39:21,Name 761,-300,Deposit
28/12/2020 18:51:18,Name 762,500,Deposit
03/05/2021 20:36:30,Name 763,-100,Withdraw
24/12/2020 02:23:44,Name 764,150,Withdraw
14/12/2020 07:58:46,Name 765,-500,Deposit
05/09/2021 18:39:43,Name 766,-500,Deposit
01/04/2021 23:52:53,Name 767,100,Withdraw
22/12/2020 21:19:56,Name 768,-150,Deposit
25/01/2021 13:51:56,Name 769,-500,Deposit
23/01/2021 09:23:00,Name 770,150,Withdraw
26/02/2021 18:55:07,Name 771,150,Deposit
22/10/2020 07:30:09,Name 772,150,Deposit
22/03/2021 18:48:29,Name 773,-100,Withdraw
15/12/2020 04:31:46,Name 774,100,Withdraw
05/04/2021 09:25:38,Name 775,-200,Deposit
04/10/2021 18:49:59,Name 776,-500,Withdraw
04/08/2021 00:16:33,Name 777,50,Deposit
10/04/2020 08:28:25,Name 778,200,Deposit
18/11/2020 22:48:44,Name 779,-500,Deposit
31/05/2021 07:08:24,Name 780,-100,Withdraw
13/12/2020 08:34:56,Name 781,-150,Withdraw
19/05/2021 18:19:39,Name 782,500,Deposit
22/11/2020 03:33:48,Name 783,-500,Deposit
03/08/2021 23:58:06,Name 784,50,Deposit
06/06/2021 04:56:53,Name 785,-300,Withdraw
15/12/2020 06:06:18,Name 786,-500,Deposit
04/09/2021 09:41:16,Name 787,50,Deposit
29/04/2021 03:42:00,Name 788,200,Deposit
04/11/2021 23:01:15,Name 789,-200,Withdraw
23/11/2020 20:05:16,Name 790,200,Withdraw
03/08/2021 22:05:46,Name 791,-150,Deposit
17/12/2020 11:30:47,Name 792,50,Withdraw
25/01/2021 23:48:56,Name 793,150,Deposit
24/11/2020 19:43:35,Name 794,100,Withdraw
05/01/2021 15:14:59,Name 795,-500,Deposit
06/02/2021 15:44:42,Name 796,-50,Deposit
30/12/2020 15:57:01,Name 797,50,Withdraw
06/03/2021 22:47:05,Name 798,-300,Deposit
23/12/2020 08:46:08,Name 799,-150,Withdraw
12/02/2020 02:48:20,Name 800,50,Deposit
06/07/2021 11:18:24,Name 801,100,Deposit
11/06/2020 17:30:36,Name 802,-50,Withdraw
04/09/2021 10:25:00,Name 803,50,Withdraw
10/12/2020 02:33:04,Name 804,150,Withdraw
30/10/2020 13:00:59,Name 805,200,Withdraw
25/10/2020 12:04:49,Name 806,-300,Deposit
06/05/2021 07:28:33,Name 807,-100,Withdraw
29/12/2020 16:34:18,Name 808,100,Deposit
21/11/2020 10:25:13,Name 809,100,Withdraw
05/10/2021 00:23:14,Name 810,50,Deposit
06/11/2021 20:48:46,Name 811,300,Withdraw
25/01/2021 11:35:25,Name 812,100,Withdraw
13/06/2021 17:48:26,Name 813,-50,Withdraw
28/11/2020 23:40:29,Name 814,-300,Deposit
01/07/2021 18:42:45,Name 815,-100,Withdraw
12/10/2020 08:59:21,Name 816,-150,Deposit
01/11/2021 15:17:49,Name 817,150,Withdraw
13/03/2021 22:43:42,Name 818,-100,Withdraw
10/11/2020 05:34:35,Name 819,-500,Withdraw
11/11/2020 16:12:49,Name 820,150,Withdraw
18/12/2020 17:21:30,Name 821,150,Deposit
10/10/2020 23:22:06,Name 822,-50,Deposit
12/10/2020 05:42:41,Name 823,150,Deposit
01/10/2021 00:20:55,Name 824,300,Withdraw
03/12/2021 06:20:35,Name 825,-100,Deposit
25/01/2021 15:25:29,Name 826,50,Withdraw
04/02/2021 13:52:55,Name 827,-500,Withdraw
17/12/2020 18:12:40,Name 828,100,Withdraw
13/03/2021 10:02:06,Name 829,150,Withdraw
14/02/2021 20:05:37,Name 830,-200,Withdraw
31/01/2021 09:25:04,Name 831,100,Deposit
30/03/2021 21:39:02,Name 832,-300,Deposit
05/11/2021 09:00:10,Name 833,200,Withdraw
19/11/2020 15:00:36,Name 834,-500,Withdraw
29/04/2021 02:43:30,Name 835,-200,Withdraw
04/08/2021 10:12:44,Name 836,200,Deposit
25/10/2020 07:04:13,Name 837,200,Deposit
12/04/2020 12:16:13,Name 838,300,Withdraw
16/01/2021 12:11:04,Name 839,500,Withdraw
02/11/2021 00:38:02,Name 840,-50,Deposit
25/11/2020 19:28:08,Name 841,-500,Deposit
12/07/2020 20:20:47,Name 842,-100,Withdraw
24/02/2021 21:49:57,Name 843,-150,Withdraw
02/12/2021 20:59:12,Name 844,100,Deposit
05/08/2021 16:37:44,Name 845,-100,Withdraw
06/03/2021 20:53:04,Name 846,-200,Deposit
24/12/2020 03:14:01,Name 847,-100,Deposit
18/05/2021 14:17:59,Name 848,300,Deposit
28/03/2021 02:58:04,Name 849,150,Deposit
29/03/2021 10:34:20,Name 850,300,Withdraw
31/01/2021 09:23:50,Name 851,500,Withdraw
14/02/2021 07:21:11,Name 852,-50,Deposit
10/04/2020 13:59:41,Name 853,200,Deposit
03/11/2021 19:36:49,Name 854,-150,Withdraw
02/01/2021 11:40:09,Name 855,150,Withdraw
11/05/2020 15:37:43,Name 856,500,Deposit
15/04/2021 19:21:48,Name 857,-150,Withdraw
29/01/2021 19:23:04,Name 858,150,Deposit
12/03/2020 21:32:45,Name 859,-150,Withdraw
01/04/2021 21:52:10,Name 860,500,Deposit
11/07/2020 19:22:54,Name 861,50,Withdraw
24/05/2021 01:45:14,Name 862,150,Deposit
21/05/2021 20:17:32,Name 863,150,Withdraw
01/11/2021 09:55:50,Name 864,-300,Deposit
17/01/2021 23:16:29,Name 865,-200,Withdraw
23/01/2021 22:16:41,Name 866,500,Deposit
10/12/2020 04:43:11,Name 867,200,Deposit
06/10/2021 08:49:01,Name 868,50,Deposit
16/05/2021 20:15:27,Name 869,150,Deposit
12/05/2020 09:43:17,Name 870,200,Withdraw
13/03/2021 21:16:45,Name 871,-50,Withdraw
28/02/2021 23:25:27,Name 872,50,Deposit
16/01/2021 19:55:45,Name 873,500,Deposit
05/06/2021 11:33:33,Name 874,100,Withdraw
11/04/2020 12:49:50,Name 875,100,Deposit
18/04/2021 17:25:33,Name 876,-150,Deposit
11/12/2020 21:00:02,Name 877,-500,Deposit
15/01/2021 20:01:50,Name 878,-150,Deposit
05/08/2021 15:46:44,Name 879,-500,Withdraw
29/05/2021 03:45:08,Name 880,-150,Withdraw
02/10/2021 23:00:01,Name 881,-50,Deposit
14/02/2021 22:56:03,Name 882,500,Withdraw
12/10/2020 18:08:50,Name 883,500,Deposit
11/11/2020 22:19:46,Name 884,-200,Deposit
18/04/2021 00:04:27,Name 885,200,Deposit
30/10/2020 03:40:37,Name 886,100,Deposit
02/09/2021 01:14:56,Name 887,-300,Deposit
14/06/2021 14:56:23,Name 888,200,Withdraw
11/05/2020 05:23:52,Name 889,-500,Withdraw
12/01/2020 19:17:31,Name 890,-500,Withdraw
05/11/2021 11:11:02,Name 891,50,Withdraw
18/02/2021 17:48:02,Name 892,200,Deposit
03/09/2021 02:36:11,Name 893,-100,Deposit
15/11/2020 07:03:49,Name 894,-200,Withdraw
26/11/2020 17:13:34,Name 895,300,Deposit
20/12/2020 18:33:42,Name 896,50,Withdraw
12/01/2020 01:39:41,Name 897,200,Withdraw
24/04/2021 09:06:20,Name 898,-100,Withdraw
05/07/2021 01:06:03,Name 899,500,Withdraw
03/03/2021 02:40:23,Name 900,-200,Withdraw
31/12/2020 13:03:09,Name 901,-150,Deposit
02/05/2021 21:57:48,Name 902,150,Withdraw
06/06/2021 17:52:12,Name 903,200,Deposit
28/12/2020 23:21:18,Name 904,-50,Withdraw
17/05/2021 11:22:07,Name 905,300,Deposit
16/02/2021 17:01:18,Name 906,50,Deposit
05/03/2021 07:41:45,Name 907,150,Deposit
26/02/2021 06:16:49,Name 908,-50,Deposit
12/12/2020 01:10:14,Name 909,200,Withdraw
22/12/2020 16:50:50,Name 910,200,Withdraw
15/06/2021 03:51:19,Name 911,-200,Deposit
12/01/2020 11:38:42,Name 912,-100,Withdraw
21/10/2020 01:10:37,Name 913,-150,Deposit
18/03/2021 22:07:46,Name 914,-100,Deposit
13/11/2020 06:47:34,Name 915,-50,Withdraw
11/10/2020 19:36:09,Name 916,500,Deposit
20/02/2021 22:28:05,Name 917,200,Withdraw
28/05/2021 21:43:18,Name 918,100,Withdraw
11/08/2020 01:58:35,Name 919,200,Deposit
27/02/2021 05:12:08,Name 920,-500,Withdraw
04/09/2021 04:48:49,Name 921,-200,Deposit
19/10/2020 16:42:48,Name 922,150,Withdraw
24/11/2020 23:24:37,Name 923,300,Withdraw
17/02/2021 19:35:29,Name 924,-150,Withdraw
10/03/2020 05:18:04,Name 925,-150,Deposit
24/02/2021 17:38:37,Name 926,-300,Withdraw
17/12/2020 19:15:38,Name 927,-500,Withdraw
12/05/2020 20:55:26,Name 928,-50,Withdraw
22/05/2021 17:36:19,Name 929,-200,Withdraw
25/03/2021 19:04:55,Name 930,100,Deposit
05/06/2021 07:44:01,Name 931,-300,Withdraw
02/11/2021 05:19:36,Name 932,300,Withdraw
19/10/2020 10:30:09,Name 933,150,Deposit
22/01/2021 06:22:05,Name 934,150,Withdraw
30/10/2020 15:47:50,Name 935,200,Deposit
16/12/2020 19:31:00,Name 936,100,Withdraw
06/06/2021 03:03:51,Name 937,-150,Withdraw
02/06/2021 00:38:22,Name 938,-100,Withdraw
12/10/2020 13:50:50,Name 939,100,Deposit
04/07/2021 07:17:03,Name 940,50,Deposit
03/10/2021 19:17:56,Name 941,150,Deposit
11/02/2020 22:45:00,Name 942,-150,Withdraw
11/02/2020 19:23:07,Name 943,-200,Withdraw
31/10/2020 18:12:44,Name 944,150,Deposit
03/07/2021 16:22:32,Name 945,-50,Deposit
22/03/2021 09:37:46,Name 946,-200,Deposit
18/10/2020 06:12:57,Name 947,300,Deposit
12/06/2020 23:25:44,Name 948,200,Deposit
21/11/2020 23:14:19,Name 949,-200,Withdraw
06/09/2021 21:14:12,Name 950,150,Withdraw
16/03/2021 22:09:03,Name 951,-50,Withdraw
04/10/2021 21:32:57,Name 952,-300,Withdraw
18/01/2021 21:12:02,Name 953,-150,Deposit
17/10/2020 11:04:04,Name 954,-150,Deposit
02/05/2021 14:35:14,Name 955,-500,Deposit
14/04/2021 22:03:24,Name 956,-200,Withdraw
31/12/2020 05:34:14,Name 957,300,Deposit
04/08/2021 09:22:07,Name 958,100,Deposit
25/10/2020 17:27:04,Name 959,-300,Withdraw
29/01/2021 01:57:59,Name 960,-100,Deposit
13/12/2020 12:16:04,Name 961,-500,Deposit
20/10/2020 18:24:30,Name 962,-100,Deposit
28/11/2020 01:50:13,Name 963,100,Deposit
25/04/2021 14:52:32,Name 964,-100,Withdraw
13/03/2021 10:06:36,Name 965,-200,Deposit
12/06/2020 12:30:16,Name 966,200,Withdraw
04/06/2021 20:51:30,Name 967,-300,Withdraw
10/08/2020 06:16:51,Name 968,150,Deposit
21/10/2020 10:32:32,Name 969,100,Deposit
01/01/2021 20:17:05,Name 970,-150,Withdraw
20/04/2021 06:32:50,Name 971,-50,Withdraw
10/04/2020 19:54:35,Name 972,300,Withdraw
27/03/2021 05:03:36,Name 973,-150,Deposit
13/02/2021 00:01:35,Name 974,-500,Deposit
23/02/2021 23:46:59,Name 975,-300,Withdraw
02/10/2021 13:40:35,Name 976,-150,Deposit
05/04/2021 08:01:28,Name 977,-100,Withdraw
16/04/2021 20:18:58,Name 978,-150,Withdraw
15/05/2021 03:04:31,Name 979,-100,Deposit
05/04/2021 02:45:20,Name 980,-300,Deposit
14/01/2021 06:32:43,Name 981,150,Withdraw
06/05/2021 08:17:37,Name 982,100,Deposit
20/05/2021 09:10:39,Name 983,-150,Deposit
21/02/2021 23:23:50,Name 984,50,Withdraw
23/05/2021 21:29:27,Name 985,-150,Withdraw
16/10/2020 04:41:15,Name 986,150,Deposit
31/05/2021 02:58:52,Name 987,-500,Withdraw
17/03/2021 08:32:23,Name 988,150,Deposit
12/04/2020 20:23:55,Name 989,500,Withdraw
02/01/2021 08:22:19,Name 990,-150,Withdraw
04/11/2021 08:59:39,Name 991,500,Withdraw
05/10/2021 20:50:10,Name 992,-200,Withdraw
12/02/2020 06:32:44,Name 993,-150,Deposit
16/02/2021 08:40:19,Name 994,-50,Deposit
13/12/2020 03:02:12,Name 995,-300,Deposit
03/07/2021 17:55:30,Name 996,300,Withdraw
31/03/2021 07:18:29,Name 997,-50,Deposit
21/01/2021 19:01:50,Name 998,-500,Withdraw
11/04/2020 14:55:02,Name 999,50,Withdraw
10/03/2020 12:27:41,Name 1000,150,Withdraw
14/12/2020 11:50:34,Name 1001,50,Withdraw